{
    "DecisionTree": {
        "accuracy": [
            0.9285714285714286,
            0.9142857142857144
        ],
        "precision": [
            0.94,
            0.9222426470588236
        ],
        "recall": [
            0.94,
            0.92
        ],
        "f1": [
            0.94,
            0.9207106124357176
        ],
        "gmean": [
            0.9285010962375251,
            0.9142678569684676
        ],
        "aucs": [
            0.9285714285714286,
            0.9500000000000001
        ]
    },
    "SVM": {
        "accuracy": [
            0.9190476190476191,
            0.8523809523809524
        ],
        "precision": [
            0.9396825396825398,
            0.9013157894736843
        ],
        "recall": [
            0.94,
            0.9
        ],
        "f1": [
            0.939388052452647,
            0.8964992389649923
        ],
        "gmean": [
            0.9188087525755965,
            0.8510497719203702
        ],
        "aucs": [
            0.9733333333333333,
            0.9380952380952381
        ]
    },
    "XGBoost": {
        "accuracy": [
            0.9,
            0.9095238095238096
        ],
        "precision": [
            0.9447368421052631,
            0.9411642411642412
        ],
        "recall": [
            0.94,
            0.94
        ],
        "f1": [
            0.9378995433789954,
            0.9386904761904762
        ],
        "gmean": [
            0.8991106717195608,
            0.9090130702606877
        ],
        "aucs": [
            0.9823809523809524,
            0.9742857142857143
        ]
    },
    "ExtraTrees": {
        "accuracy": [
            0.8928571428571429,
            0.8761904761904762
        ],
        "precision": [
            0.932,
            0.9230263157894737
        ],
        "recall": [
            0.93,
            0.92
        ],
        "f1": [
            0.9280250783699061,
            0.9171993911719939
        ],
        "gmean": [
            0.8920842368937396,
            0.8750945527144345
        ],
        "aucs": [
            0.98,
            0.9452380952380953
        ]
    }
}