{
    "DecisionTree": {
        "accuracy": [
            0.6118324494649037,
            0.5823009096703631,
            0.7372250051092087,
            0.7239059521742759,
            0.5261376280501953
        ],
        "precision": [
            0.6890126512145327,
            0.6038251267414474,
            0.7832788825045688,
            0.7690048784562902,
            0.5648807479385207
        ],
        "recall": [
            0.6993039176206639,
            0.6063970545935684,
            0.71299545532992,
            0.7140309497785192,
            0.6006443076569061
        ],
        "f1": [
            0.6934022197520981,
            0.6049918099130321,
            0.7278048102247927,
            0.7273103706540808,
            0.5445542335282822
        ],
        "gmean": [
            0.6055474287592176,
            0.5818021357839556,
            0.7368267347726776,
            0.7238385952137595,
            0.5208354426728931
        ],
        "aucs": [
            0.6504116741567978,
            0.6338369979922015,
            0.7891684144753277,
            0.7930740372977501,
            0.666959347338604
        ]
    },
    "SVM": {
        "accuracy": [
            0.5991460734964408,
            0.5801199230148355,
            0.6037950967048945,
            0.6182638875569084,
            0.5650961207255938
        ],
        "precision": [
            0.6901511421903428,
            0.6030837443004201,
            0.6967451514494434,
            0.699941298667307,
            0.5890448831694216
        ],
        "recall": [
            0.7156417189207847,
            0.6097336478168326,
            0.720013806592648,
            0.715756773859518,
            0.6007593625956394
        ],
        "f1": [
            0.6960076253274917,
            0.6055245743320592,
            0.7033140770508793,
            0.7056128517669036,
            0.5919051900816401
        ],
        "gmean": [
            0.5877114785193224,
            0.5793635752980077,
            0.5925046246881952,
            0.6105287640868101,
            0.563969643543368
        ],
        "aucs": [
            0.7814673198062325,
            0.6657193796380187,
            0.7605593740459093,
            0.7641197231644449,
            0.6608705038596772
        ]
    },
    "XGBoost": {
        "accuracy": [
            0.636952221247814,
            0.583786460904649,
            0.623369484280466,
            0.6357237752705396,
            0.5783234655820861
        ],
        "precision": [
            0.707872177134221,
            0.6047651533916762,
            0.7076572507222565,
            0.7109538751831083,
            0.599878333911228
        ],
        "recall": [
            0.7133406201461198,
            0.6053615601449692,
            0.723062762469079,
            0.7208191911637807,
            0.6063395271242018
        ],
        "f1": [
            0.7103659753786375,
            0.6050571958609336,
            0.7132284629054317,
            0.7150184494373295,
            0.6022269046726823
        ],
        "gmean": [
            0.63235507799517,
            0.5833876473052422,
            0.6153460524096194,
            0.6300027687543792,
            0.5776444677641627
        ],
        "aucs": [
            0.7832634111947401,
            0.6750769281667365,
            0.7969819639543043,
            0.7986154943516649,
            0.6753455425669881
        ]
    },
    "ExtraTrees": {
        "accuracy": [
            0.6281577572918208,
            0.5779106534839528,
            0.6188112460490471,
            0.6271340172418118,
            0.577115148397051
        ],
        "precision": [
            0.7028781420815393,
            0.6007625165514967,
            0.7018860744880361,
            0.7042599536895535,
            0.5981292839664953
        ],
        "recall": [
            0.7126502905137203,
            0.6070298567566013,
            0.7152390266352183,
            0.7152965541045849,
            0.6030604613703043
        ],
        "f1": [
            0.7069666702293048,
            0.6031372395346091,
            0.7071622770223761,
            0.7087525609086082,
            0.6001113585329657
        ],
        "gmean": [
            0.6224493392041124,
            0.5771765721259097,
            0.611252027700522,
            0.620906146430983,
            0.5765316428818718
        ],
        "aucs": [
            0.7877290048333542,
            0.6742131263702282,
            0.7864474603062647,
            0.79024964020132,
            0.6714379483461468
        ]
    }
}