{
    "DecisionTree": {
        "accuracy": [
            0.6710029600627598,
            0.6661220360849633,
            0.7595336690969687,
            0.7707217072170722,
            0.6695454312152487
        ],
        "precision": [
            0.6511644748593955,
            0.7112350918341598,
            0.7072124942515133,
            0.7187504487243987,
            0.7214391564781937
        ],
        "recall": [
            0.6710029600627598,
            0.6661220360849633,
            0.7595336690969687,
            0.7707217072170722,
            0.6695454312152487
        ],
        "f1": [
            0.6563313484137805,
            0.5935914161967726,
            0.6921128091226715,
            0.7001561089164337,
            0.5961175421622826
        ],
        "gmean": [
            0.6710029600627598,
            0.6661220360849633,
            0.7595336690969687,
            0.7707217072170722,
            0.6695454312152487
        ],
        "aucs": [
            0.7365698070727158,
            0.6689581695228306,
            0.791895826657704,
            0.7915282185608741,
            0.6751380356622193
        ]
    },
    "SVM": {
        "accuracy": [
            0.7725294109720151,
            0.6715393668777665,
            0.7694557391974681,
            0.7667541757384787,
            0.6745955806035557
        ],
        "precision": [
            0.7219094209100727,
            0.728307149721649,
            0.7156447171164773,
            0.715402623208995,
            0.7360225816041498
        ],
        "recall": [
            0.7725294109720151,
            0.6715393668777665,
            0.7694557391974681,
            0.7667541757384787,
            0.6745955806035557
        ],
        "f1": [
            0.6976440154547134,
            0.5932100284840176,
            0.6918507590402556,
            0.7014846789123146,
            0.5969621488742678
        ],
        "gmean": [
            0.7725294109720151,
            0.6715393668777665,
            0.7694557391974681,
            0.7667541757384787,
            0.6745955806035557
        ],
        "aucs": [
            0.7970763250089459,
            0.67583176529096,
            0.7880032114647362,
            0.7948143006020223,
            0.6754436474710362
        ]
    },
    "XGBoost": {
        "accuracy": [
            0.689500725683438,
            0.6707985213804741,
            0.7379661512558573,
            0.7637082928206331,
            0.674023219831697
        ],
        "precision": [
            0.6636012849780166,
            0.7218942336399038,
            0.6920484815611487,
            0.712987089094027,
            0.7387043583819777
        ],
        "recall": [
            0.689500725683438,
            0.6707985213804741,
            0.7379661512558573,
            0.7637082928206331,
            0.674023219831697
        ],
        "f1": [
            0.6687779934391556,
            0.5954296101408867,
            0.6895331056198253,
            0.7007795233618102,
            0.5947232749525699
        ],
        "gmean": [
            0.689500725683438,
            0.6707985213804741,
            0.7379661512558573,
            0.7637082928206331,
            0.674023219831697
        ],
        "aucs": [
            0.7894279191485446,
            0.6760944985006523,
            0.7968947683393733,
            0.7938225693732348,
            0.6770348369410255
        ]
    },
    "ExtraTrees": {
        "accuracy": [
            0.6570316491689203,
            0.6749248737429868,
            0.7671921267748304,
            0.7750179305071739,
            0.6750736067992663
        ],
        "precision": [
            0.647796453231101,
            0.741950789081292,
            0.7133475913074768,
            0.7224692256840634,
            0.7396199358934883
        ],
        "recall": [
            0.6570316491689203,
            0.6749248737429868,
            0.7671921267748304,
            0.7750179305071739,
            0.6750736067992663
        ],
        "f1": [
            0.6515031750032596,
            0.5920163468571473,
            0.6964252360127288,
            0.7010683500404841,
            0.596003509736158
        ],
        "gmean": [
            0.6570316491689203,
            0.6749248737429868,
            0.7671921267748304,
            0.7750179305071739,
            0.6750736067992663
        ],
        "aucs": [
            0.7599150551815357,
            0.6798231207510015,
            0.7984406459498905,
            0.7940889244958023,
            0.673437131733396
        ]
    }
}